SFmax_5721442,TXmin_GK48617,RHmax_GK48617,RFmax_6022062,RFmax_6122064,RFmax_KB48615,RFmax_6021010,RFmax_6120014,RFmax_6121001,RFd50mm_5920012,RHd10p_GK48617,RFd95p_6022001,RHd90p_KB48615,TXd90p_GK48617,TNd90p_GK48617,Cases
0.035425375,0.650943396,0.571428571,0.011526833,0.0081103,0.164818921,0.115013649,0,0.003060912,0.285714286,0,0.2,0.714285714,0,0.142857143,Low
0.083341434,0.575471698,0.718487395,0.002834467,0,0.235772358,0.114467698,0.005529954,0.028466483,0,0,0,0.428571429,0,0,Low
0.080230913,0.716981132,0.319327731,0.002834467,0,0.394678492,0.065514104,0.011059908,0,0.142857143,0,0.4,0.142857143,0,0.142857143,Low
0.045507566,0.433962264,0.827731092,0.037792895,0.02919708,0.683665928,0.159053685,0.002764977,0.398530762,0,0,0.2,0.571428571,0,0,Low
0.059580512,0.556603774,0.718487395,0,0,0.102734664,0.273521383,0.013824885,0.067340067,0.142857143,0.142857143,0.2,0.428571429,0.142857143,0,Low
0.240266122,0.632075472,0.823529412,0.232804233,0.260746148,0.43902439,0.095905369,0.060460829,0.11325375,0.142857143,0.142857143,0,0.142857143,0,0,Low
0.139374008,0.650943396,0.794117647,0.097316704,0.014193025,0.561714708,0.095541401,0.000921659,0.281603918,0,0,0,0.142857143,0,0,Low
0.042116234,0.490566038,0.726890756,0.0574452,0.220600162,0.045084996,0,0.164976959,0.022956841,0,0,0.2,0.428571429,0.142857143,0,Low
0.027708475,0.632075472,0.62605042,0.123771731,0.313057583,0.390243902,0.053139217,0.045529954,0.004591368,0.142857143,0.142857143,0,0,0,0,Low
0.01648684,0.641509434,0.567226891,0.064247921,0.008515815,0.185513673,0.009281165,0.073732719,0,0,0,0,0.571428571,0,0,Low
0.014375358,0.528301887,0.25210084,0.001889645,0.006082725,0.192904656,0.005459509,0.190967742,0,0,0,0,0.285714286,0,0,Low
0.018522719,0.669811321,0.289915966,0.036848073,0.030413625,0.070953437,0,0.001843318,0.012243649,0,0,0,0.285714286,0,0,Low
0.022238063,0.613207547,0.588235294,0,0,0.021433851,0.153230209,0.000921659,0.126721763,0.142857143,0,0,0.142857143,0,0,Low
0.023166899,0.188679245,0.386554622,0.000944822,0.068937551,0.187730968,0.025477707,0.006451613,0.145699418,0,0,0,0,0,0,Low
0.017923295,0.226415094,0.424369748,0.038737717,0.105433901,0.016999261,0.041856233,0.047926267,0.005509642,0,0,0,0,0,0,Low
0.008796941,0.29245283,0.596638655,0.026455026,0.0243309,0,0.063694268,0.010138249,0.00765228,0.142857143,0,0,0,0,0,Low
0.011939863,0.613207547,0.676470588,0.010770975,0.023114355,0.000739098,0.051865332,0.05437788,0.094888277,0,0,0,0,0,0,Low
0.023782523,0.254716981,0.550420168,0.024565382,0.00405515,0.237250554,0.091537762,0.079262673,0.140189777,0.142857143,0,0,0,0,0,Low
0.016729849,0.283018868,0.56302521,0.07898715,0.105028386,0.235033259,0.010919017,0.00202765,0.071931436,0,0,0,0.285714286,0,0,Low
0.023355906,0.471698113,0.663865546,0.090702948,0.141930251,0.011825573,0.080072793,0.008294931,0.001530456,0,0,0,0,0,0,Low
0.019100541,0.226415094,0.655462185,0.01606198,0.062854826,0.112342942,0.067151956,0.082211982,0.089684726,0,0,0,0,0,0,Low
0.031629027,0.103773585,0.609243697,0.027399849,0.0162206,0.206947524,0.117379436,0.036313364,0.136210591,0,0,0,0,0,0,Low
0.014785774,0.273584906,0.605042017,0.010393046,0.018248175,0.181079084,0.073339399,0.0359447,0.097030915,0,0,0,0,0,0,Low
0.011394442,0.254716981,0.663865546,0.082199546,0.198702352,0.03473762,0.002729754,0.000921659,0.077747169,0,0,0,0.142857143,0,0,Low
0.012571688,0.141509434,0.504201681,0.027210884,0.03325223,0.065779749,0.119199272,0.014930876,0.001530456,0.142857143,0,0,0.142857143,0,0,Low
0.009407165,0.20754717,0.62605042,0.038926682,0.0486618,0.173688101,0.042948135,0.061751152,0.016222834,0,0,0,0,0,0,Low
0.009520569,0.481132075,0.470588235,0.025510204,0.002027575,0.133776792,0.031847134,0.014193548,0.085399449,0,0,0,0,0,0,Low
0.00436877,0.273584906,0.43697479,0.010393046,0.051500406,0.077974871,0.058234759,0.035760369,0.271808999,0,0,0,0,0,0,Low
0.00463878,0.320754717,0.420168067,0.014172336,0.02027575,0.003695492,0.004549591,0.049769585,0.057545148,0,0,0,0,0,0,Low
0.004978993,0.481132075,0.521008403,0.060468632,0.154095702,0.227642276,0.025477707,0.115207373,0.041322314,0,0,0,0,0,0,Low
0.00876454,0.528301887,0.378151261,0.027966742,0.085158151,0.165558019,0.063694268,0.024147465,0.016835017,0,0,0,0,0,0,Low
0.009639374,0.669811321,0.365546218,0.074640967,0.060827251,0.031042129,0.080800728,0.053456221,0.037955311,0.142857143,0,0,0,0,0,Low
0.008040912,0.08490566,0.592436975,0.011337868,0.010137875,0.118994826,0.044585987,0.08202765,0.046525865,0,0,0,0,0,0,Low
0.004428172,0.518867925,0.62605042,0.052910053,0.0324412,0.029563932,0.093175614,0.063963134,0.123966942,0,0,0,0,0,0,Low
0.002737906,0.405660377,0.537815126,0.018896447,0.034468775,0.016999261,0.013648772,0.019354839,0.041322314,0,0,0,0,0,0,Low
0.009110153,0.669811321,0.823529412,0.053665911,0.126926196,0.225424982,0.089171975,0.027281106,0.053872054,0,0,0,0,0,0,Low
0.00644785,0.660377358,0.915966387,0.03968254,0.067315491,0.11308204,0.053867152,0.017511521,0.069788797,0,0,0,0,0,0,Low
0.017831492,0.537735849,0.907563025,0.03420257,0.062449311,0.031781227,0.085532302,0.096774194,0.213039486,0.142857143,0,0.2,0,0,0,Low
0.005740423,0.490566038,0.575630252,0.029667423,0.069343066,0.018477458,0.072793449,0.064516129,0.065809611,0,0,0,0,0,0,Low
0.008224519,0.716981132,0.890756303,0.068027211,0.356447689,0.062823356,0.008735214,0.050691244,0.133761861,0,0,0,0,0,0,Low
0.011167633,0.820754717,0.928571429,0.08276644,0.117599351,0.161123429,0.017288444,0.051981567,0.607591062,0,0,0,0,0,0,Low
0.014116148,0.764150943,0.668067227,0.038548753,0.123276561,0.082039911,0.106460419,0.138801843,0.022344659,0,0,0,0,0,0,Low
0.006890667,0.716981132,0.840336134,0.390400605,0.666666667,0.227642276,0.04822566,0.019354839,0.004591368,0,0,0,0,0,0,Low
0.006059035,0.735849057,0.911764706,0.017384732,0.069748581,0.049519586,0.040764331,0.053456221,0.261707989,0,0,0,0,0,0,Low
0.007965309,0.716981132,0.760504202,0.075774754,0.064882401,0.040650407,0.006369427,0.534009217,0.052035507,0,0,0.2,0,0,0,Low
0.019883571,0.537735849,0.861344538,0.130952381,0.362124899,0.070214339,0.038762511,0.023778802,0.285277013,0,0,0,0,0,0,Low
0.009774379,0.669811321,0.878151261,0.029289494,0.089618816,0.091648189,0.06132848,0.129953917,0.434649526,0,0,0,0,0,0,Low
0.005340807,0.679245283,0.857142857,0.196712018,0.236415247,0.10421286,0.009099181,0.172165899,0.08815427,0,0,0,0,0,0,Low
0.009007549,0.783018868,0.840336134,0.225056689,0.472830495,0.077605322,0.079344859,0.045529954,0.093357821,0,0,0,0,0,0,Low
0.013100908,0.735849057,0.886554622,0.048941799,0.172343877,0.048780488,0.001819836,0.258064516,0.019283747,0,0,0,0,0,0,Low
0.007252481,0.528301887,0.74789916,0.108843537,0.095296026,0.206947524,0.017652411,0.170506912,0.220079584,0,0,0,0,0,0,Low
0.018517318,0.641509434,0.647058824,0.01606198,0.003649635,0.090169993,0.01255687,0,0.002142639,0,0,0,0.428571429,0.142857143,0,Low
0.008921146,0.688679245,0.609243697,0.211451247,0.269667478,0.0436068,0.008189263,0,0.030609122,0,0,0.2,0.285714286,0,0,Low
0.007252481,0.669811321,0.495798319,0.000944822,0.002838605,0.096082779,0.093903549,0,0.000918274,0.142857143,0,1,0.285714286,0,0,High
0.03814168,0.669811321,0.928571429,0.002078609,0.002027575,0.035476718,0.10100091,0,0.186715641,0.285714286,0,0.4,0.428571429,0.142857143,0.142857143,Low
0.247993822,0.688679245,0.705882353,0,0,0.060606061,0.535577798,0,0.239975513,0.428571429,0,0.4,0,0,0.142857143,Low
0.151567681,0.716981132,0.827731092,0.12414966,0.272506083,0.070214339,0.230755232,0,0.069482706,0.285714286,0.142857143,0,0.285714286,0.142857143,0.285714286,Low
0.038514294,0.669811321,0.567226891,0.003212396,0.156123277,0.001478197,0.021838035,0,0.001530456,0,0,0,0.428571429,0,0.142857143,Low
0.018349912,0.716981132,0.575630252,0.042517007,0.087591241,0.436067997,0.033303003,0.102857143,0.186715641,0,0,0.2,0,0.142857143,0,Low
0.023048094,0.679245283,0.735294118,0,0.054744526,0.651884701,0.102456779,0.017880184,0.018671564,0.142857143,0,0,0.571428571,0,0,Low
0.011750856,0.688679245,0.802521008,0.151360544,0.260746148,0.164079823,0.000909918,0.033179724,0.148760331,0,0,0,1,0,0.571428571,Low
0.01339252,0.688679245,0.617647059,0.070672714,0.036901865,0.610495196,0.007461328,0,0.001224365,0,0,0.2,0.142857143,0,0.285714286,Low
0.061821599,0.650943396,0.415966387,0.073696145,0.158150852,0.113821138,0.238216561,0.075760369,0.093357821,0.142857143,0,0.2,0.571428571,0.285714286,0,Low
0.028572509,0.5,0.634453782,0.015117158,0.0405515,0.119733925,0.003275705,0.033364055,0.030609122,0,0,0.4,0.142857143,0.142857143,0,Low
0.357645077,0.58490566,0.537815126,0.203703704,0.231143552,0.084996305,0.279162875,0.037788018,0.143862871,0.428571429,0,0,0,0.285714286,0,Low
0.044152113,0.169811321,0.466386555,0.05952381,0.104622871,0.002217295,0.020018198,0,0.013774105,0,0.142857143,0,0.142857143,0.142857143,0.142857143,Low
0.024824763,0.235849057,0.420168067,0.138888889,0.152068127,0,0.040946315,0,0.11325375,0,0,0,0,0,0,Low
0.02242167,0.396226415,0.609243697,0.005668934,0.00405515,0.036954915,0,0,0.111723294,0,0,0,0,0.428571429,0,Low
0.00644785,0.537735849,0.663865546,0.057634165,0.328467153,0.249815225,0,0,0.160697888,0,0.285714286,0,0,0,0,Low
0.011713054,0.688679245,0.420168067,0.010770975,0.155717762,0.33037694,0,0,0.022956841,0,0,0,0.142857143,0,0,Low
0.008197518,0.339622642,0.256302521,0.017006803,0.064882401,0.033998522,0.018198362,0,0.018365473,0,0,0,0.571428571,0,0,Low
0.007452289,0.29245283,0.331932773,0.027399849,0.081103001,0.101256467,0.027297543,0,0,0,0,0,0,0,0,Low
0.008359524,0.566037736,0.487394958,0.004724112,0.01216545,0,0.005459509,0.02764977,0.060606061,0,0.142857143,0,0,0,0,Low
0.019516357,0.226415094,0.537815126,0.001889645,0.00405515,0,0.082620564,0,0.062748699,0,0,0,0,0,0,Low
0.018954735,0.235849057,0.420168067,0.014172336,0.062854826,0.03473762,0.051865332,0.013824885,0.015304561,0.142857143,0,0,0,0,0,Low
0.018717126,0.264150943,0.478991597,0.017762661,0.032035685,0.26977088,0.090991811,0,0.018365473,0.142857143,0,0,0,0,0,Low
0.0180367,0.094339623,0.390756303,0.012282691,0.018248175,0.016260163,0.003275705,0,0.003060912,0,0.142857143,0,0.714285714,0,0,Low
0.015142188,0.443396226,0.289915966,0.054799698,0.056772101,0,0.010373066,0.003870968,0.172941537,0,0,0,0.142857143,0.142857143,0,Low
0.026342222,0.367924528,0.31092437,0.01984127,0.034468775,0.086474501,0.098271156,0,0.102846648,0.142857143,0,0,0,0,0,Low
0.010244197,0.188679245,0.428571429,0.047619048,0.087185726,0.057649667,0.017288444,0.014746544,0.140801959,0,0,0,0,0,0,Low
0.001614663,0.452830189,0.378151261,0.081254724,0.107461476,0.009608278,0,0.010138249,0.139271503,0,0,0,0.142857143,0,0,Low
0.002764907,0.556603774,0.5,0.038359788,0.102189781,0.104951959,0.013648772,0.089032258,0.024487297,0,0,0.2,0,0,0,Low
0.004806186,0.20754717,0.462184874,0.078420257,0.123682076,0.03917221,0.036942675,0,0.041322314,0,0.142857143,0,0,0,0.142857143,Low
0.013009105,0.226415094,0.533613445,0.024754346,0.01865369,0.079822616,0.027297543,0,0.074992348,0,0,0,0,0,0,Low
0.006285844,0.075471698,0.491596639,0.086923658,0.125709651,0.016260163,0.017288444,0,0.102540557,0,0,0,0,0,0,Low
0.006550454,0.537735849,0.634453782,0.069916856,0.02838605,0.130081301,0.151956324,0,0.059687787,0,0,0,0,0,0,Low
0.010471006,0.641509434,0.470588235,0.065192744,0.066909976,0.037694013,0.01455869,0,0.047444138,0,0,0,0,0,0,Low
0.018506518,0.688679245,0.823529412,0.015684051,0.044201135,0.133037694,0.076615105,0.000921659,0.090296908,0.285714286,0,0.2,0,0,0,Low
0.011124432,0.820754717,0.87394958,0.009448224,0.042579075,0.038433112,0.040036397,0.039631336,0.193449648,0,0,0,0,0,0,Low
0.012404281,0.877358491,0.630252101,0.041194255,0.109489051,0.019955654,0.051865332,0.052534562,0.036730946,0,0,0,0,0,0,Low
0.014823575,0.462264151,0.617647059,0.088435374,0.188969992,0.061345159,0.070427662,0,0.05785124,0,0,0,0,0,0.142857143,Low
0.015034183,0.716981132,0.428571429,0.034013605,0.054744526,0.094604582,0.026933576,0.021198157,0.009794919,0,0,0,0,0,0,Low
0.02938254,0.726415094,0.760504202,0.037414966,0.090024331,0.100517369,0.037306642,0.057695853,0.052341598,0,0,0,0,0,0,Low
0.021768245,0.849056604,0.655462185,0.002267574,0.02108678,0.113821138,0.004549591,0,0.024487297,0,0,0,0,0,0,Low
0.004816987,0.783018868,0.37394958,0.036281179,0.053122466,0.046563193,0.016378526,0,0.019895929,0,0,0,0.142857143,0,0.142857143,Low
0.011902062,0.877358491,0.886554622,0.004913076,0.0324412,0.019216556,0.047315742,0,0.24181206,0.285714286,0.142857143,0,0,0,0.142857143,Low
0.00310512,0.471698113,0.920168067,0.006613757,0.014193025,0.031781227,0.027297543,0.042396313,0.307009489,0,0,0,0,0,0,Low
0.003801748,0.594339623,0.81092437,0.099206349,0.336577453,0.169253511,0.099181074,0.001843318,0.673094582,0.142857143,0,0,0,0,0,Low
0.014596766,0.70754717,0.93697479,0.13681028,0.373884834,0.033259424,0.053867152,0.005529954,0.489133762,0.285714286,0,0,0,0,0,Low
0.03145082,0.698113208,0.714285714,0.46239607,0.584752636,0.059127864,0.018380346,0.166820276,0.065809611,0,0,0,0,0,0,Low
0.013289916,0.754716981,0.613445378,0.303287982,0.580291971,0.082039911,0.048043676,0.11483871,0.038261402,0.285714286,0,0.2,0,0,0,Low
0.02681204,0.839622642,0.861344538,0.030234316,0.123682076,0.054693274,0.005459509,0.38156682,0.177226814,0,0,0.4,0,0,0.142857143,Low
0.030359978,0.650943396,0.390756303,0.020597128,0.04379562,0.147080562,0.180709736,0.253640553,0.014080196,0.285714286,0,0.2,0,0,0.428571429,Low
0.045896381,0.566037736,0.340336134,0.093915344,0.118004866,0.130820399,0.114285714,0.034101382,0.00244873,0.428571429,0.142857143,0.2,0.142857143,0.428571429,0.428571429,Low
0.28943503,0.556603774,0.852941176,0.008314437,0.01054339,0.101256467,0.233848954,0.010691244,0.140495868,0.428571429,0.857142857,0.4,0.428571429,0.285714286,0.142857143,High
0.115899297,0.726415094,0.81092437,0.004535147,0.002027575,0.077605322,0.074431301,0.138248848,0.015610652,0.142857143,0.714285714,0,0.142857143,0,0.285714286,Low
0.051788009,0.698113208,0.978991597,0.171201814,0.141930251,0.090169993,0.029299363,0.000552995,0.388429752,0.285714286,0,0,0.285714286,0.142857143,0.428571429,Low
0.01933275,0.443396226,0.495798319,0.004724112,0.01054339,0.44789357,0.026569609,0.006820276,0.096418733,0,0.142857143,0,0,0,0.142857143,Low
0.026504228,0.679245283,0.478991597,0.279100529,0.562449311,0.15668884,0.024567789,0.034101382,0.052341598,0.142857143,0,0.2,0.571428571,0.285714286,0.142857143,Low
0.150309432,0.58490566,0.214285714,0.015495087,0.066504461,0.155949741,0.313921747,0.000737327,0,0.285714286,0.285714286,0,0.428571429,0.714285714,0.428571429,High
0.150196028,0.641509434,0.084033613,0.026455026,0.087591241,0.424981523,0.133212011,0.244423963,0,0.142857143,0.142857143,0,0.142857143,0.714285714,0.428571429,Low
0.02087181,0.698113208,0.096638655,0.000944822,0,0.057649667,0,0,0.003060912,0,0,0,0.428571429,0.428571429,0.285714286,Low
0.013937941,0.471698113,0.651260504,0,0,0.036215817,0.000909918,0,0.039791858,0,0.285714286,0,0.285714286,0.142857143,0.428571429,Low
0.010714016,0.801886792,0.638655462,0,0.02027575,0.033998522,0,0,0.082950719,0,0.142857143,0,0,0.285714286,0.571428571,High
0.008089514,0.764150943,0.302521008,0.015117158,0.046634225,0.059127864,0.000909918,0,0.021426385,0,0.428571429,0,0,0,0.142857143,High
0.006426249,0.641509434,0.201680672,0.029478458,0.172343877,0,0,0,0.013774105,0,0,0,0,0.285714286,0.142857143,High
0.005772824,0.669811321,0.382352941,0.006613757,0,0,0,0,0.040097949,0,0,0,0,0.571428571,0,High
0.005508214,0.518867925,0.319327731,0.014172336,0.0405515,0.016999261,0,0.000921659,0.004591368,0,0.714285714,0,0,0.285714286,0,Low
0.004087959,0.245283019,0.600840336,0.023620559,0.105839416,0,0.064058235,0,0.058157331,0.142857143,0.285714286,0,0,0.142857143,0.142857143,Low
0.016319433,0.518867925,0.298319328,0.043461829,0.0324412,0.002217295,0.007097361,0,0.02020202,0,0.142857143,0,0,0,0,High
0.004509175,0.188679245,0.331932773,0.001133787,0.006893755,0,0.010009099,0,0.07805326,0,0.142857143,0,0,0.285714286,0,High
0.008148916,0.698113208,0.357142857,0.020030234,0.028791565,0,0,0,0.010713193,0,0.571428571,0,0,0,0,High
0.006923069,0.018867925,0.319327731,0.049319728,0.04460665,0,0,0.016774194,0.012243649,0,0.142857143,0,0,0,0,Low
0.00669086,0.254716981,0.193277311,0.002834467,0.034468775,0.080561715,0,0.013824885,0.033363942,0,0.285714286,0,0,0,0,Low
0.013052306,0.198113208,0.239495798,0.000944822,0.034468775,0.06947524,0.003639672,0.026728111,0.102540557,0,0.285714286,0,0,0,0.142857143,Low
0.006987871,0.094339623,0.369747899,0.048185941,0.0324412,0.03473762,0,0.000921659,0.024487297,0,0.571428571,0,0,0,0,Low
0.004789986,0.320754717,0.281512605,0.047808012,0.161394972,0.000739098,0.01455869,0.02764977,0.024487297,0.285714286,0.285714286,0,0,0,0,High
0.008996749,0.216981132,0.138655462,0.011337868,0.070965126,0,0.057324841,0.008294931,0.020508111,0.142857143,0.428571429,0,0,0,0.285714286,High
0.009677175,0.330188679,0.352941176,0.030234316,0.042579075,0,0.015468608,0.0359447,0.081114172,0,0,0,0,0,0,High
0.007803303,0.169811321,0.512605042,0.018896447,0.002027575,0.000739098,0.002729754,0.075576037,0.092133456,0,0.571428571,0.2,0,0,0,Low
0.012868699,0.264150943,0.386554622,0.024565382,0.152068127,0.127124908,0.060600546,0.000921659,0.149066422,0.285714286,0,0.4,0,0,0,High
0.008467529,0.311320755,0.323529412,0.078609221,0.111922141,0.010347376,0.038216561,0.02764977,0.064279155,0,0.285714286,0,0,0,0,High
0.002932314,0.216981132,0.369747899,0.071617536,0.131792376,0.196600148,0,0.005529954,0.093663912,0,0,0,0,0,0,High
0.002079081,0.5,0.571428571,0.031179138,0.075020276,0.162601626,0.036396724,0.044239631,0.001530456,0,0,0,0.142857143,0,0,High
0.002997116,0.556603774,0.365546218,0.00888133,0.030413625,0.021433851,0.083712466,0.021198157,0.153045608,0.142857143,0,0,0,0,0,High
0.003304928,0.556603774,0.205882353,0.002834467,0.002027575,0.210643016,0.119199272,0.007373272,0.001224365,0.142857143,0,0,0,0,0,High
0.002775708,0.58490566,0.415966387,0.068972033,0.062043796,0.052475979,0.106824386,0.000921659,0.03520049,0.142857143,0,0,0,0,0,High
0.000891035,0.575471698,0.357142857,0.000944822,0.006082725,0.036954915,0.037306642,0,0.027548209,0.142857143,0,0,0,0,0,High
0.000804631,0.575471698,0.386554622,0.036848073,0.02838605,0.118994826,0.021474067,0,0.04285277,0.142857143,0,0.2,0.285714286,0,0,High
0.003218525,0.5,0.567226891,0.021730915,0.02027575,0.144124169,0.037306642,0,0.104683196,0.142857143,0,0,0.285714286,0,0,Low
0.008705138,0.688679245,0.764705882,0.056878307,0.079075426,0.033259424,0.067879891,0.006451613,0.101316192,0.142857143,0,0,0,0,0,High
0.006204841,0.783018868,0.592436975,0.03968254,0.065287916,0.056910569,0.010737034,0,0.167125803,0,0,0,0,0,0,High
0.007349685,0.896226415,0.806722689,0.037792895,0.04379562,0.101995565,0.097179254,0.003686636,0.125497398,0.142857143,0,0,0.285714286,0,0,High
0.015223191,0.886792453,0.382352941,0.023809524,0.146390916,0.155949741,0.106460419,0.002764977,0.033670034,0.142857143,0,0,0.428571429,0,0,High
0.009828381,0.924528302,0.915966387,0.028533636,0.150446067,0.087583149,0.046041856,0,0.440159167,0.142857143,0,0,0.142857143,0,0,High
0.006204841,0.971698113,0.773109244,0.009259259,0.03892944,0.088691796,0.072247498,0.021198157,0.158861341,0.285714286,0,0.2,0.285714286,0,0,High
0.006809664,0.943396226,0.861344538,0.23185941,0.48296837,0.016999261,0.101910828,0.020645161,0.207835935,0.285714286,0,0.2,0,0,0,High
0.015341995,0.405660377,0.890756303,0.091080877,0.163422547,0.171470806,0.08189263,0.009400922,0.411080502,0.571428571,0.285714286,0,0,0,0,High
0.016465239,0.764150943,0.630252101,0.08446712,0.135036496,0.026607539,0.029117379,0.182119816,0.056320784,0,0.285714286,0.2,0,0,0,High
0.0128849,0.830188679,0.676470588,0.236016629,0.50567721,0.155210643,0.065150136,0.098986175,0.044689317,0.285714286,0.428571429,0.2,0,0,0,High
0.015363596,0.745283019,0.693277311,0.009637188,0.077453366,0.147080562,0.040946315,0.114470046,0.011631466,0.428571429,0.285714286,0,0,0,0,High
0.012058668,0.839622642,0.781512605,0.028911565,0.064071371,0.005912786,0.01455869,0.208847926,0.069482706,0,0.142857143,0,0,0,0.142857143,High
0.015352796,0.754716981,0.453781513,0.020408163,0.02514193,0.093126386,0.119745223,0.037050691,0.055708601,0.571428571,0.714285714,0.6,0,0,0.142857143,High
0.011934463,0.716981132,0.24789916,0.140778534,0.085969181,0.154471545,0.087716106,0.002396313,0,0.428571429,0.714285714,0.6,0,0,0,High
0.047484042,0.754716981,0.5,0.09712774,0.090835361,0.312638581,0.304822566,0.014562212,0.006427916,0.428571429,0.714285714,0,0.142857143,0,0,High
0.025116375,0.632075472,0.327731092,0,0.002027575,0.040650407,0.091901729,0.140829493,0,0.285714286,0.428571429,0,0.285714286,0,0.142857143,High
0.013430321,0.783018868,0.281512605,0.015495087,0.049067315,0.098300074,0.020018198,0.049032258,0.003060912,0,0.142857143,0.4,0.142857143,0.142857143,0.142857143,High
0.009882383,0.490566038,0.235294118,0.000377929,0,0.194382853,0.027843494,0,0.001530456,0,0.142857143,1,0,0.571428571,0.714285714,High
0.331378457,0.698113208,0.12605042,0,0,0.534368071,0.758507734,0.001843318,0,0.857142857,1,0,0.571428571,0.714285714,0.857142857,High
1,0.688679245,0.088235294,0.000944822,0.002027575,1,0.34722475,0,0,0.857142857,0.857142857,0,1,1,0.857142857,High
0.503526337,0.773584906,0.428571429,0,0,0.097560976,0.038944495,0,0.056014692,0.285714286,0.714285714,0.2,0.714285714,1,0.142857143,High
0.099941678,0.669811321,0.365546218,0,0,0.129711752,0.137943585,0.000737327,0.005203551,0.428571429,0.857142857,0,0.142857143,1,0.428571429,High
0.059105293,0.660377358,0.239495798,0.024187453,0.077453366,0.73466371,0.002183803,0,0.066115702,0,0.857142857,0,0.142857143,0.714285714,0.428571429,High
0.029431142,0.490566038,0.18907563,0.002834467,0.02027575,0.760532151,0.003639672,0,0,0,0.285714286,0,0.428571429,0.571428571,0.285714286,High
0.024511551,0.688679245,0.054621849,0.024754346,0.069748581,0.099039172,0.004549591,0.014009217,0.001530456,0,0.714285714,0,0.428571429,0.571428571,0.428571429,High
0.024587154,0.726415094,0.260504202,0.002834467,0.00405515,0.023651146,0.009645132,0.001658986,0,0,0.142857143,0,0.142857143,0.142857143,0.571428571,High
0.021968052,0.641509434,0.100840336,0.001889645,0,0.130820399,0,0.022119816,0.003060912,0,0,0,0,0.714285714,0,High
0.019548758,0.641509434,0.06302521,0,0,0.001478197,0,0,0,0,0,0,0.285714286,0.714285714,0.142857143,High
0.018317511,0.641509434,0.084033613,0,0.00162206,0.001478197,0,0.002211982,0.049280686,0,0,0,0,0.142857143,0.428571429,High
0.014904578,0.575471698,0.668067227,0,0,0.005173688,0,0,0.05785124,0,0.142857143,0,0,0.142857143,0.428571429,High
0.014677769,0.632075472,0.239495798,0.002267574,0.014193025,0.002217295,0,0.011981567,0.071931436,0,0.142857143,0,0,0.142857143,0.428571429,High
0.011972265,0.632075472,0.466386555,0.078420257,0.02676399,0,0,0,0.026017753,0,0.285714286,0,0,0,0,High
0.011167633,0.377358491,0.462184874,0.007558579,0.068937551,0,0.005459509,0.027834101,0.059075605,0,0,0,0,0.142857143,0,High
0.012965903,0.028301887,0.369747899,0.003779289,0.01216545,0,0.013648772,0.049953917,0.081114172,0,0.142857143,0,0,0.142857143,0,High
0.010789619,0.113207547,0.705882353,0.11526833,0.196674777,0.003695492,0.002729754,0.008294931,0.003060912,0,0.142857143,0,0,0,0,High
0.011178434,0.226415094,0.470588235,0.077475435,0.112327656,0,0.032939035,0.057880184,0.038261402,0,0,0,0,0,0,High
0.009925585,0.594339623,0.386554622,0.006613757,0.066909976,0,0.013648772,0.102672811,0.164064891,0.142857143,0.285714286,0,0,0,0,High
0.016152027,0.273584906,0.537815126,0.033068783,0.125709651,0.010347376,0.036760692,0,0.090909091,0,0,0,0,0,0,High
0.013781335,0,0.5,0.085034014,0.119626926,0.011086475,0,0,0.10070401,0.142857143,0,0,0,0,0,High
0.036440614,0.301886792,0.575630252,0.041572184,0.030413625,0,0.025477707,0,0.010713193,0.142857143,0,0,0,0,0,High
0.038444092,0.29245283,0.43697479,0.035336357,0.105028386,0.322246859,0.06933576,0,0.114478114,0,0,0,0,0,0,High
0.022956291,0.216981132,0.533613445,0.0574452,0.019870235,0.234294161,0.057506824,0.023041475,0.087542088,0.285714286,0,0,0.142857143,0,0,High
0.026174816,0.405660377,0.361344538,0.015684051,0.078264396,0.04804139,0,0.003686636,0.062748699,0,0,0.2,0,0,0,High
0.026520429,0.264150943,0.428571429,0.042894936,0.157339822,0.011086475,0.078252957,0.083870968,0.019895929,0,0,0.2,0.142857143,0,0,High
0.025375585,0.41509434,0.432773109,0.013038549,0.016626115,0.009608278,0.102274795,0.061751152,0.119375574,0.142857143,0,0,0,0,0,High
0.012722894,0.377358491,0.575630252,0.008692366,0.006082725,0.067997044,0,0.044239631,0.018365473,0,0,0.4,0,0,0,High
0.011831859,0.41509434,0.638655462,0.017762661,0.060827251,0.092387288,0.050045496,0.001843318,0.016835017,0.285714286,0,0,0,0,0,High
0.012771496,0.547169811,0.5,0.007747543,0.02514193,0.067257945,0.021838035,0.012903226,0.142944597,0,0,0,0,0,0,High
0.011011027,0.58490566,0.554621849,0.044406652,0.006082725,0.10421286,0.077343039,0.050691244,0.013774105,0.142857143,0,0,0,0,0,High
0.011929063,0.698113208,0.542016807,0.039871504,0.163422547,0.186252772,0.002729754,0.018617512,0.118151209,0,0,0,0,0,0,High
0.014272754,0.613207547,0.659663866,0.034958428,0.0486618,0.03473762,0.040036397,0.082949309,0.062442608,0.285714286,0,0.2,0,0,0,High
0.035274169,0.669811321,0.735294118,0.068972033,0.127737226,0.232815965,0.066424022,0.023041475,0.156412611,0.142857143,0,0,0,0,0,High
0.033729709,0.575471698,0.533613445,0.009448224,0.04460665,0.120473023,0.077525023,0.034101382,0.036730946,0.571428571,0,0.2,0,0,0,High
0.027244057,0.698113208,0.470588235,0.05574452,0.126926196,0.106430155,0.16433121,0.023041475,0.038873584,0.428571429,0,0.2,0,0,0,High
0.017642485,0.669811321,0.630252101,0.034958428,0.0405515,0.046563193,0.068243858,0.062672811,0.184879094,0.142857143,0,0,0,0,0,High
0.024241541,0.622641509,0.878151261,0.030801209,0.072992701,0.062823356,0.013648772,0.086820276,0.230792776,0,0,0,0,0,0,High
0.028291698,0.745283019,0.886554622,0.075963719,0.158556367,0.172949002,0.091901729,0.080184332,0.636669728,0.285714286,0,0,0,0,0,High
0.031083606,0.198113208,0.764705882,0.099395314,0.254663423,0.056910569,0.050955414,0.00921659,0.067646159,0.142857143,0,0.2,0,0,0,Low
0.024684358,0.849056604,0.495798319,0.328798186,0.716545012,0.079083518,0.159235669,0.105069124,0.185185185,0.428571429,0,0,0,0,0,High
0.095437903,0.886792453,0.789915966,0.050075586,0.042579075,0.056171471,0.063694268,0.105253456,0.065809611,0.428571429,0,0,0,0,0,High
0.044459925,0.924528302,0.861344538,0.066137566,0.034468775,0.00443459,0.030027298,0.238341014,0.762167126,0,0.142857143,0,0,0,0,High
0.027098251,0.716981132,0.542016807,0.076908541,0.106244931,0.0436068,0.17288444,0.067834101,0.130394858,0.142857143,0,0,0,0,0,High
0.033540701,0.849056604,0.605042017,0.49111867,0.822384428,0.047302291,0.117743403,0.011981567,0.028772574,0.285714286,0.714285714,0.4,0,0,0,High
0.038217283,0.849056604,0.806722689,0.070861678,0.077047851,0.167036216,0.061874431,0.029861751,0.144168962,0.428571429,0,0.2,0,0,0,High
0.066265971,0.632075472,0.294117647,0.030234316,0.02270884,0.025868441,0.076979072,0.452718894,0.004591368,0.142857143,0,0,0,0,0,High
0.04537256,0.773584906,0.483193277,0.082577475,0.207623682,0.006651885,0.040946315,0.063225806,0.021426385,0,0.428571429,0.4,0,0,0,High
0.039729341,0.70754717,0.399159664,0.000944822,0.034468775,0.095343681,0.110464058,0.023041475,0.001530456,0.285714286,0.571428571,0.2,0,0,0,High
0.058532871,0.764150943,0.504201681,0.000944822,0.0162206,0.029563932,0.265514104,0.115760369,0.006121824,0.285714286,0.428571429,0.2,0,0,0,High
0.054612319,0.669811321,0.214285714,0.000944822,0.006082725,0.29120473,0.077161056,0.014009217,0,0.142857143,0.428571429,0,0,0,0,High
0.045437363,0.273584906,0.214285714,0.000944822,0.01865369,0.240206948,0.030209281,0.005714286,0,0,0.285714286,0.4,0.428571429,0,0.142857143,High
0.040420568,0.773584906,0.218487395,0,0,0.179600887,0.130118289,0.001843318,0,0.285714286,0.428571429,0,0.142857143,0,0,High
0.031596626,0.537735849,0.210084034,0,0,0.120473023,0.000909918,0.002764977,0.001530456,0,0.428571429,0,0.142857143,0,0.571428571,High
0.158690557,0.754716981,0.331932773,0,0,0.419068736,0.028025478,0,0.001530456,0.142857143,0,0,0.428571429,0,0.428571429,High
0.049120306,0.754716981,0.18907563,0.000566893,0,0.120473023,0,0.011059908,0,0,0,0,0.428571429,0.571428571,0.285714286,High
0.028491505,0.660377358,0.474789916,0.000377929,0,0.046563193,0.000909918,0,0.001530456,0,0.571428571,0.4,0.285714286,0.857142857,0.142857143,High
0.038849107,0.754716981,0.357142857,0,0,0.333333333,0.256050955,0,0.039791858,0.142857143,0,0,0,1,0.142857143,High
0.0386547,0.669811321,0.327731092,0.008503401,0.002027575,0.144863267,0.226751592,0,0.00765228,0.428571429,0.428571429,0,0.142857143,0.285714286,0.142857143,Low
0.070575338,0.726415094,0.596638655,0.021352986,0.034468775,0.014781966,0.063876251,0,0.145393327,0.142857143,0.285714286,0,0.142857143,0.714285714,0.285714286,High
0.068998477,0.669811321,0.487394958,0.002078609,0.00648824,0,0.00855323,0,0.022956841,0,0.714285714,0,0,0.714285714,0.714285714,High
0.035446975,0.641509434,0.819327731,0.081254724,0.176399027,0.171470806,0.00655141,0.016589862,0.093051729,0,0.142857143,0,0,0,0.142857143,High
0.022313666,0.698113208,0.18907563,0,0.02838605,0.076127125,0.016742493,0,0,0,0,0,0,0.428571429,0.142857143,High
0.026174816,0.669811321,0.319327731,0.0718065,0.136253041,0.022172949,0.00655141,0.110599078,0.001530456,0,0,0,0,0.428571429,0.142857143,High
0.016125026,0.669811321,0.323529412,0.000566893,0,0.094604582,0.000909918,0.024884793,0.052341598,0,0.142857143,0,0,0,0,High
0.013948741,0.396226415,0.432773109,0.002267574,0.0243309,0.005173688,0,0.025990783,0.04040404,0,0,0,0,0,0,Low
0.012285477,0.594339623,0.12605042,0.098261527,0.04703974,0.000739098,0.032757052,0,0.016835017,0,0,0,0,0,0,High
0.011702254,0.622641509,0.289915966,0.052532124,0.090429846,0.172949002,0.004731574,0.000921659,0.038261402,0,0,0,0,0,0.142857143,Low
0.011178434,0.235849057,0.680672269,0.000944822,0.056772101,0.001478197,0,0.010322581,0.091215182,0,0,0,0,0,0,Low
0.010881422,0.188679245,0.457983193,0.006613757,0.00405515,0.007390983,0.007279345,0.011981567,0.001530456,0,0,0,0,0,0,Low
0.011302639,0.179245283,0.470588235,0.000944822,0.133008921,0,0,0,0.055708601,0,0,0,0,0,0,High
0.010471006,0.566037736,0.474789916,0,0,0.075388027,0,0.002764977,0.068870523,0,0,0,0,0,0,Low
0.009839182,0.198113208,0.600840336,0.000755858,0.0486618,0.000739098,0,0.030414747,0.036730946,0,0,0,0,0,0.142857143,Low
0.012199073,0.245283019,0.642857143,0.0718065,0.072992701,0,0,0.004608295,0.003060912,0,0,0,0,0.142857143,0,Low
0.018096102,0.5,0.327731092,0.012282691,0.068937551,0,0.05477707,0.023041475,0.072543618,0,0,0.4,0,0.142857143,0,Low
0.013894739,0.660377358,0.588235294,0.000944822,0.00405515,0,0.05277525,0.030046083,0.07805326,0,0,0,0,0,0,Low
0.027686874,0.462264151,0.411764706,0.041572184,0.129764801,0,0.024385805,0.085529954,0.03520049,0,0,0.2,0,0,0,High
0.017080863,0.632075472,0.415966387,0.080687831,0.099351176,0,0.060964513,0.007373272,0.114478114,0,0,0,0,0,0.142857143,Low
0.038795105,0.5,0.487394958,0.078609221,0.040957015,0.053954176,0.078252957,0.004608295,0.065809611,0.285714286,0,0,0,0,0,High
0.028297098,0.41509434,0.457983193,0.092592593,0.151662612,0.198078344,0.028389445,0.017511521,0.139271503,0,0,0,0,0,0,High
0.023895927,0.311320755,0.491596639,0.103930461,0.125709651,0.10864745,0.065150136,0.013087558,0.020814203,0,0,0,0,0,0,High
0.01777749,0.566037736,0.630252101,0.058578987,0.021492295,0.003695492,0.040400364,0.041290323,0.030609122,0,0,0,0,0,0,High
0.024182138,0.518867925,0.508403361,0.044028723,0.02838605,0.090909091,0.056596906,0.023225806,0.075298439,0,0,0,0,0,0,Low
0.02705505,0.566037736,0.5,0.029478458,0.018248175,0.177383592,0.01455869,0.001658986,0.067340067,0.142857143,0,0,0,0,0,High
0.041954228,0.679245283,0.474789916,0.073318216,0.145985401,0.046563193,0.090991811,0.047926267,0.106213652,0.285714286,0,0.2,0,0,0,High
0.018069101,0.716981132,0.75210084,0.070861678,0.026358475,0.000739098,0,0.017511521,0.050505051,0.142857143,0,0,0,0,0,High
0.024884166,0.698113208,0.584033613,0.068027211,0.0324412,0.06947524,0.084622384,0.062119816,0.048974594,0.142857143,0,0,0,0,0,High
0.017410276,0.660377358,0.852941176,0.035714286,0.166261152,0.005173688,0.012738854,0.05437788,0.160697888,0.142857143,0,0,0,0,0.285714286,High
0.020423592,0.811320755,0.697478992,0.011337868,0.053527981,0.002217295,0.064604186,0.003133641,0.092133456,0.142857143,0,0,0,0,0,High
0.041711218,0.962264151,0.672268908,0.052910053,0.173560422,0.209903917,0.111919927,0.008294931,0.045607591,0.428571429,0,0.4,0,0,0,High
0.045599369,0.952830189,0.953781513,0.088813303,0.128142741,0.282335551,0.07188353,0.01843318,0.115396388,0.142857143,0.142857143,0,0,0,0,High
0.041041592,0.971698113,0.978991597,0.02532124,0.068126521,0.127124908,0.043676069,0.067096774,0.566880931,0,0,0,0,0,0.142857143,Low
0.052279428,0.962264151,0.966386555,0.043461829,0.120032441,0.025129342,0.072793449,0.073732719,0.110192837,0,0,0,0,0,0,Low
0.03298448,1,0.630252101,0.218820862,0.716545012,0.088691796,0,0.046635945,0.026017753,0,0,0.4,0,0,0,High
0.042650855,0.594339623,0.848739496,0.060468632,0.166666667,0.114560237,0.096269336,0.071520737,0.167125803,0,0,0,0,0,0.142857143,High
0.038946311,0.849056604,0.75210084,0.016439909,0.023925385,0.18255728,0.017470428,0.224700461,0.046831956,0,0,0.6,0,0,0,High
0.051112983,0.773584906,0.483193277,0.092781557,0.188969992,0.107169254,0.080982712,0.063225806,0.026323845,0,0,0,0,0,0,High
0.049406517,0.839622642,0.504201681,0.019274376,0.119221411,0.06504065,0.042038217,0.026359447,0,0,0,0,0,0,0,Low
0.051901414,0.490566038,0.672268908,0.023620559,0.0405515,0.086474501,0.06533212,0.048110599,0.052341598,0,0,0,0,0,0,High
0.065088725,0.641509434,0.663865546,0.000944822,0,0.164079823,0.03566879,0.007557604,0.234465871,0,0,0.2,0,0,0.285714286,High
0.045388761,0.688679245,0.638655462,0.015117158,0.115977291,0.013303769,0.039854413,0.012718894,0.029690848,0,0,0,0,0,0,Low
0.07294063,0.735849057,0.659663866,0.251133787,0.168288727,0.114560237,0.074613285,0,0.095500459,0,0,0.8,0,0,0.285714286,Low
0.129140611,0.613207547,0.718487395,0.05404384,0.045012165,0.059866962,0.175978162,0.013824885,0.010713193,0.428571429,0,0,0.428571429,0,0.571428571,Low
0.070758945,0.698113208,0.483193277,0.099395314,0.091240876,0.177383592,0.042038217,0.226912442,0.006121824,0.142857143,0.142857143,0.2,0.142857143,0.428571429,0.714285714,Low
0.105655099,0.735849057,0.491596639,0.009070295,0.00405515,0.243902439,0.103912648,0.039815668,0.037037037,0,0.285714286,0.4,0.142857143,1,0.571428571,High
0.074555293,0.764150943,0.483193277,0.003779289,0.004460665,0.189209165,0.26733394,0.046635945,0,0.714285714,0,0.2,0.428571429,1,0.857142857,High
0.382653447,0.70754717,0.43697479,0.016628874,0.0405515,0.031042129,0.323020928,0.012534562,0,0.142857143,0.428571429,0.6,0.428571429,1,1,High
0.35875752,0.698113208,0.378151261,0.008503401,0.002027575,0.793052476,0.361419472,0.003686636,0,0.428571429,0.142857143,0,0.142857143,1,0.857142857,High
0.074560693,0.735849057,0.365546218,0,0.00162206,0.047302291,0.01055505,0.013456221,0.036730946,0,0.714285714,0.8,0.857142857,1,0.142857143,High
0.158020931,0.688679245,0.31092437,0,0.01865369,0.028824834,1,0.00202765,0.013468013,0.571428571,0.857142857,0,0.285714286,0.714285714,0.142857143,High
0.227381222,0.603773585,0.327731092,0.024565382,0.064882401,0.588322247,0.038398544,0,0,0.285714286,0.571428571,0,0,0.428571429,0.285714286,High
0.067799631,0.688679245,0.462184874,0.023998488,0.016626115,0.193643755,0.123930846,0,0,0,0.142857143,0,0.428571429,0.428571429,0,Low
0.018927734,0.367924528,0.172268908,0,0,0.361419069,0.007643312,0,0,0,0,0,0.285714286,0.571428571,0,Low
0.014364557,0.745283019,0.210084034,0,0.00648824,0.053215078,0.090627843,0,0,0.142857143,0.142857143,0,0.857142857,0,0.142857143,High
0.011723855,0.603773585,0.092436975,0,0,0.37398374,0.002729754,0,0,0,0,0,0,0,0.142857143,Low
0.032449859,0.764150943,0.096638655,0,0,0.006651885,0.053867152,0,0.004591368,0.285714286,0,0,0.571428571,0,0.142857143,Low
0.012965903,0.433962264,0.306722689,0,0.002027575,0.184774575,0,0,0.123966942,0,0,0,0,0,0.142857143,Low
0.007079675,0.5,0.407563025,0.001322751,0,0.007390983,0,0,0.07805326,0,0,0,0.142857143,0,0,High
0.011383642,0.358490566,0.365546218,0.002834467,0.060827251,0.028085735,0,0,0.032139578,0,0,0.2,0,0,0.142857143,High
0.011507847,0.556603774,0.457983193,0.026455026,0.095296026,0.039911308,0.074249318,0.000552995,0.138353229,0.142857143,0,0.4,0,0,0,High
0.020164382,0.226415094,0.609243697,0.020786092,0.102595296,0.025868441,0.098453139,0.000921659,0.037037037,0.285714286,0,0,0,0.142857143,0.142857143,High
0.015509402,0.330188679,0.504201681,0.021919879,0.038523925,0.005912786,0.01455869,0,0.093357821,0,0,0,0,0,0,Low
0.020958213,0.198113208,0.512605042,0.063492063,0.126115166,0,0.000909918,0,0.04285277,0,0,0,0,0.142857143,0,Low
0.009417965,0.311320755,0.558823529,0.077475435,0.143957826,0.000739098,0.007461328,0.000921659,0.009182736,0,0,0,0,0.142857143,0.142857143,High
0.009774379,0.452830189,0.525210084,0.066137566,0.01216545,0.240206948,0.003639672,0.009769585,0.140801959,0,0,0,0,0,0,High
0.020596399,0.160377358,0.432773109,0.017006803,0,0.160384331,0.066424022,0.000921659,0.00765228,0.142857143,0,0,0.285714286,0,0.142857143,Low
0.035781788,0.301886792,0.483193277,0.03968254,0.056772101,0.000739098,0.156141947,0,0.174471993,0.285714286,0,0,0.428571429,0,0,Low
0.031936839,0.273584906,0.56302521,0.002834467,0.068937551,0,0.079162875,0,0,0,0,0,0,0,0,High
0.039842746,0.58490566,0.533613445,0.120937264,0.192619627,0,0.016196542,0.009769585,0.24181206,0,0,0,0,0.571428571,0,Low
0.026439426,0.179245283,0.470588235,0.021730915,0,0,0.071519563,0.028571429,0,0.142857143,0,0,0,0,0,Low
0.022994092,0.311320755,0.575630252,0.104875283,0.243309002,0.014042868,0.06733394,0.021935484,0.07805326,0,0,0.2,0,0.428571429,0,Low
0.033978118,0.377358491,0.516806723,0,0,0.148558758,0.074613285,0.00921659,0.041322314,0,0,0.2,0.142857143,0,0,Low
0.04046377,0.5,0.533613445,0.044406652,0.143957826,0.02623799,0.084622384,0.015668203,0.197428834,0,0,0,0,0,0,High
0.045583169,0.367924528,0.491596639,0.028344671,0.022303325,0.136733186,0.054595086,0.000921659,0.053565963,0,0,0,0,0,0,Low
0.036381212,0.5,0.495798319,0.061413454,0.103406326,0.089430894,0.069153776,0.072626728,0.055096419,0,0,0,0,0,0,Low
0.021827647,0.481132075,0.428571429,0.042517007,0.113544201,0.018477458,0.001819836,0.033179724,0.010713193,0,0,0,0,0,0,Low
0.015034183,0.603773585,0.621848739,0.042517007,0.04460665,0.080561715,0.024203822,0.141751152,0.107131925,0,0,0,0,0,0,Low
0.012161272,0.70754717,0.432773109,0.011337868,0.0081103,0.219512195,0.102820746,0.076497696,0.110192837,0.142857143,0,0,0,0,0,Low
0.022902289,0.79245283,0.726890756,0.068027211,0.162206002,0.175166297,0.131938126,0.044239631,0.07805326,0.571428571,0,0,0,0,0,Low
0.023550314,0.216981132,0.731092437,0.010393046,0.077047851,0.124168514,0.051683348,0.011059908,0.041322314,0,0,0,0,0,0,Low
0.033729709,0.481132075,0.718487395,0.119614512,0.191808597,0.098300074,0.119199272,0.051981567,0.096112642,0.428571429,0.285714286,0.4,0,0,0,High
0.031083606,0.783018868,0.806722689,0.028344671,0.059610706,0.037694013,0.046405823,0.028571429,0.171104989,0.285714286,0,0,0.142857143,0,0,Low
0.018317511,0.839622642,0.924369748,0.016250945,0.091240876,0.068736142,0.040946315,0.060829493,0.134067952,0,0,0,0.142857143,0,0,Low
0.024241541,0.877358491,0.924369748,0.05952381,0.100973236,0.053215078,0.14922657,0.041474654,0.054484236,0.142857143,0,0,0.142857143,0,0,Low
0.018096102,0.867924528,0.987394958,0.046107332,0.125304136,0.027346637,0.032757052,0.032626728,0.420875421,0,0,0.2,0.142857143,0,0,Low
0.017966497,0.320754717,0.932773109,0.009448224,0.072587186,0.050997783,0.039126479,0.062119816,0.049586777,0.285714286,0,0.2,0,0,0,Low
0.020304788,0.698113208,0.722689076,0.214852608,0.51784266,0.093865484,0.021838035,0.027465438,0.107131925,0,0,0,0,0,0,Low
0.028653512,0.660377358,1,0.042328042,0.051094891,0.136733186,0.070609645,0.050691244,0.69513315,0.285714286,0,0,0.142857143,0,0,Low
0.01108123,0.632075472,0.911764706,0.175736961,0.052716951,0.166297118,0.034576888,0.222304147,0.358126722,0,0,0.2,0.142857143,0,0.142857143,Low
0.018992537,0.764150943,0.991596639,0.389455782,1,0.075388027,0.079162875,0.133087558,0.505662687,0.142857143,0,0,0,0,0,Low
0.016837853,0.811320755,0.705882353,0.207105064,0.352798054,0.048780488,0.05277525,0.212903226,0.019283747,0.142857143,0,0.2,0.142857143,0,0,Low
0.042110834,0.679245283,0.987394958,0.469387755,0.414436334,0.06947524,0,0.418986175,1,0.142857143,0,0,0.142857143,0,0,Low
0.03736405,0.764150943,0.852941176,0,0.002027575,0.065779749,0,0.280552995,0.008876645,0,0,0.6,0,0,0,High
0.01648684,0.698113208,0.743697479,1,0.967153285,0.014042868,0,0.351520737,0.157636976,0.285714286,0,1,0,0,0,Low
0.217185627,0.632075472,0.445378151,0.01266062,0.02676399,0.144124169,0,0.003502304,0.017141108,1,0,0.2,0,0,0.142857143,High
0.070089319,0.726415094,0.785714286,0.040627362,0.070965126,0.253510717,0,1,0.027548209,0.142857143,0,0,0.142857143,0,0.571428571,Low
0.026893043,0.745283019,0.861344538,0.003023432,0.00405515,0.17812269,0,0.012903226,0.003060912,0,0,0,0.714285714,0,0.428571429,Low
0.013365519,0.716981132,0.609243697,0.036659108,0.015004055,0.000739098,0,0.037788018,0.026323845,0.142857143,0,0,0.714285714,0.285714286,0.714285714,Low
0.02782728,0.735849057,0.596638655,0.020030234,0.00648824,0.563192905,0,0.002949309,0,0.142857143,0,0.2,0,0.142857143,0.285714286,Low
0.191275421,0.716981132,0.638655462,0.047241119,0.083536091,0.717664449,0,0.064516129,0,0.142857143,0,0,0.571428571,0.714285714,0.142857143,High
0.066476579,0.764150943,0.478991597,0.005668934,0,0.317073171,0.173430391,0.007373272,0,0.285714286,0,0.2,1,0.142857143,0.428571429,High
0.036510817,0.556603774,0.983193277,0,0,0.046316827,0.065150136,0.016958525,0.15610652,0.285714286,0,0,0.857142857,0.142857143,0.285714286,Low
0.033951117,0.613207547,0.827731092,0,0,0.064301552,0.120473157,0.038709677,0.290480563,0,0,0,0,0,0.142857143,Low
0.018992537,0.603773585,0.558823529,0.164021164,0.221411192,0.174427199,0.007279345,0,0.001530456,0,0,0,0.285714286,0.142857143,0.142857143,Low
0.012928102,0.575471698,0.453781513,0.122260015,0.278183293,0.016260163,0.000181984,0,0,0,0,0,0.428571429,0,0,High
0.007490091,0.688679245,0.352941176,0.018896447,0.006082725,0.137472284,0.030573248,0.133824885,0,0,0,0.2,0.142857143,0.285714286,0,Low
0.009315361,0.70754717,0.542016807,0,0,0.617147081,0.060418562,0.132718894,0.000918274,0,0,0,0.571428571,0,0,Low
0.009250559,0.70754717,0.890756303,0,0,0.028824834,0.00200182,0.000921659,0,0,0,0,0.428571429,0,0,High
0.00592943,0.754716981,0.756302521,0.000944822,0,0.025868441,0.02311192,0,0,0,0,0,0.714285714,0,0.428571429,Low
0.005756623,0.179245283,0.668067227,0.006802721,0.091240876,0,0,0,0,0,0,0,0,0.142857143,0.285714286,Low
0.003936753,0.471698113,0.642857143,0.076341648,0.087591241,0,0.028753412,0.007373272,0,0,0,0,0,0,0,Low
0.002932314,0.367924528,0.483193277,0.023620559,0.014193025,0.320029564,0,0.010322581,0.006427916,0,0,0,0,0.142857143,0,High
0.003078119,0.726415094,0.378151261,0.037792895,0.061638281,0.002217295,0,0.09235023,0.009182736,0,0,0.2,0.142857143,0,0,Low
0.002440895,0.122641509,0.411764706,0.027399849,0.050689376,0.053954176,0.036760692,0.021935484,0.048974594,0,0,0,0,0,0,Low
0.001846872,0.066037736,0.542016807,0.003401361,0.030413625,0,0,0.041658986,0.056626875,0,0,0,0,0,0,Low
0.003315729,0.443396226,0.462184874,0.034958428,0.105433901,0.090909091,0.045495905,0.031336406,0.15610652,0,0,0.2,0,0,0.142857143,Low
0.004271566,0.518867925,0.529411765,0.029856387,0.121654501,0.003695492,0.04021838,0,0.20140802,0,0,0,0,0,0,Low
0.005567616,0.150943396,0.571428571,0,0.089213301,0.002217295,0.018198362,0.062672811,0.082644628,0,0,0,0,0,0,Low
0.004006955,0.424528302,0.600840336,0,0.164233577,0.076866223,0.034576888,0.047004608,0.018365473,0,0,0,0,0,0,Low
0.00437417,0.367924528,0.638655462,0,0.137875101,0,0.035486806,0.125345622,0.094582185,0,0,0,0.285714286,0,0,Low
0.004417371,0.169811321,0.508403361,0.07388511,0.124087591,0.096082779,0.090081893,0.058064516,0.166819712,0,0,0,0,0,0,Low
0.003294128,0.216981132,0.600840336,0.121126228,0.109083536,0.055432373,0.033484986,0.014746544,0.026017753,0,0,0.2,0.142857143,0,0.428571429,Low
0.002451695,0.481132075,0.516806723,0.007936508,0.066909976,0,0.022747953,0,0.063360882,0,0,0,0.142857143,0,0,Low
0.00643165,0.471698113,0.537815126,0.027399849,0.013381995,0.001478197,0.04822566,0.037419355,0.091827365,0,0,0,0,0,0,Low
0.017804491,0.462264151,0.592436975,0.073696145,0.038523925,0.033998522,0.087352138,0.141382488,0.026629936,0,0.142857143,0,0,0,0,High
0.00490879,0.386792453,0.584033613,0.112433862,0.148012976,0.085735403,0.115923567,0.030414747,0.0453015,0,0,0,0,0,0,Low
0.003461534,0.462264151,0.5,0.036848073,0.0162206,0.141167775,0.01055505,0.091428571,0.053872054,0,0,0,0,0,0,High
0.003240126,0.622641509,0.609243697,0.062358277,0.073803731,0.062084257,0.045495905,0.110599078,0.029996939,0,0,0,0,0,0,Low
0.010903023,0.613207547,0.634453782,0.020786092,0.062854826,0.127124908,0.051865332,0.02875576,0.041322314,0.285714286,0.142857143,0,0,0,0,Low
0.031774833,0.622641509,0.575630252,0.046296296,0.097729116,0.079822616,0.003639672,0.053824885,0.06550352,0,0,0,0,0,0,Low
0.003051118,0.594339623,0.218487395,0.047052154,0.04217356,0.095343681,0.049135578,0.013087558,0.036730946,0,0,0.2,0,0,0,Low
0.004109661,0.716981132,0.651260504,0.029289494,0.072992701,0.002217295,0,0.024331797,0.180593817,0,0,0,0,0,0.285714286,High
0.005346411,0.726415094,0.554621849,0.009448224,0.032035685,0.014042868,0.084622384,0.036129032,0.329660239,0,0.142857143,0,0,0,0,Low
0.006583161,0.283018868,0.483193277,0.119047619,0.172343877,0.084996305,0.077343039,0.082949309,0.199877564,0,0,0,0,0,0,High
0.007819911,0.70754717,0.239495798,0.057823129,0.175993512,0.001478197,0.140127389,0.006451613,0,0,0.285714286,0,0,0,0,High
0.009056661,0.566037736,0.642857143,0.038548753,0.137875101,0.094604582,0.044585987,0.138064516,0,0.142857143,0,0.2,0,0,0,High
0.010293411,0.801886792,0.663865546,0.002078609,0.006082725,0.137472284,0.122474977,0.130875576,0,0.142857143,0,0,0,0,0,High
0.011530161,0.830188679,0.470588235,0.210884354,0.487429035,0.073170732,0,0.132534562,0,0,0,0,0,0,0,Low
0.014283554,0.877358491,0.260504202,0.356575964,0.920924574,0.098300074,0.061874431,0.0359447,0.004591368,0,0,0,0,0,0,High
0.010190195,0.70754717,0.449579832,0.121882086,0.306974858,0.185513673,0.173430391,0.201474654,0.080808081,0.142857143,0.142857143,0,0,0,0,Low
0.012598689,0.70754717,0.331932773,0.0143613,0.0162206,0.045084996,0.006915378,0.251428571,0.085399449,0,1,0,0,0,0,Low
0.013516724,0.858490566,0.470588235,0.083711262,0.177615572,0.222468588,0.022202002,0.053087558,0.019895929,0,0.571428571,0.4,0,0,0.285714286,High
0.01907354,0.754716981,0.466386555,0.145502646,0.133819951,0.001478197,0.14922657,0.000368664,0.189164371,0.142857143,0.428571429,0.2,0.285714286,0,0,Low
0.043163875,0.698113208,0.596638655,0.031746032,0.032846715,0.130081301,0.107188353,0.037419355,0.516681971,0.142857143,0.428571429,0,0,0,0,High
0.027346661,0.566037736,0.348739496,0.140589569,0.284266018,0.07834442,0.059144677,0.060460829,0.042240588,0,0.428571429,0,0.142857143,0,0,High
0.015028783,0.679245283,0.176470588,0.263416478,0.867396594,0.173688101,0.026023658,0.007741935,0.016835017,0,0.571428571,0,0.285714286,0,0,Low
0.011464645,0.660377358,0,0.099395314,0.128548256,0.071692535,0.057142857,0.129769585,0.004591368,0,0.428571429,1,0,0,0,Low
0.024689758,0.839622642,0.239495798,0.001889645,0.002838605,0.354767184,0.096087352,0.237050691,0.003060912,0.285714286,0.714285714,0.8,0,0,0,High
0.080808735,0.773584906,0.462184874,0.002078609,0,0.274944568,0.138853503,0.087557604,0.136516682,0.285714286,0.857142857,0.2,0.285714286,0,0,High
0.041398006,0.70754717,0.151260504,0.017951625,0.01216545,0.127864006,0.063512284,0.009585253,0.01254974,0,0,0,0.571428571,0,0.142857143,High
0.028475305,0.754716981,0.176470588,0.022675737,0.201135442,0.053215078,0.00600546,0.003133641,0.02265075,0,0,0.2,0.285714286,0.142857143,0,High
0.007085075,0.849056604,0.168067227,0.01814059,0.008515815,0.25646711,0.111191993,0.002764977,0.001224365,0,0,0.2,0,0,0.142857143,Low
0.006491052,0.716981132,0.147058824,0.048374906,0.056772101,0.36511456,0.084986351,0.048110599,0.059687787,0,0.142857143,0,0.142857143,0.285714286,0.142857143,Low
0.007436089,0.726415094,0.134453782,0.004724112,0,0.496674058,0.13921747,0.004792627,0.002142639,0,0,0,0.714285714,0.428571429,0,Low
0.003774746,0.745283019,0.071428571,0.048185941,0.081103001,0.308943089,0,0.056221198,0.001530456,0,0,0,0.714285714,0.285714286,0.714285714,High
0.00153366,0.70754717,0.68487395,0,0.006082725,0.023651146,0.045495905,0,0.113559841,0,0.142857143,0,0.428571429,0.571428571,0.285714286,Low
0.001360853,0.490566038,0.306722689,0.000755858,0.00162206,0.290465632,0,0.03797235,0,0,0.285714286,0,0,0.714285714,0.142857143,Low
0.001868472,0.764150943,0.634453782,0.06670446,0.166261152,0.055432373,0.022747953,0,0.014080196,0,0,0,0.142857143,0.428571429,0,Low
0.001744268,0.452830189,0.386554622,0.011526833,0,0.150776053,0,0,0.126109581,0,0.142857143,0,0.142857143,0,0,Low
4.32E-05,0.41509434,0.378151261,0.012093726,0.024736415,0.00443459,0.000909918,0.069493088,0.003060912,0,0.142857143,0,0,0,0.142857143,Low
0.00024841,0.679245283,0.222689076,0.121315193,0.237226277,0.009608278,0,0,0.015304561,0,0,0,0,0,0.571428571,Low
0.000626424,0.70754717,0.327731092,0,0.002027575,0,0,0.04516129,0.005203551,0,0,0,0,0.428571429,0,Low
6.48E-05,0.320754717,0.441176471,0.003212396,0.006082725,0.025868441,0,0.024516129,0.06305479,0,0.142857143,0,0,0.142857143,0,Low
0.004681982,0.160377358,0.369747899,0.001889645,0.002838605,0,0.017288444,0,0.125497398,0,0,0,0,0,0,Low
0.004730584,0.339622642,0.512605042,0.038737717,0.077047851,0.012564671,0.004549591,0.002764977,0.001530456,0,0,0,0,0.142857143,0.571428571,Low
0.000226809,0.622641509,0.386554622,0.006613757,0.058799676,0,0.007279345,0.01235023,0.035506581,0,0,0,0,0,0,Low
0.001123244,0.424528302,0.432773109,0.029289494,0.002027575,0,0,0.0040553,0.026936027,0,0,0,0,0.428571429,0,Low
0,0.216981132,0.420168067,0.042517007,0.077047851,0.00849963,0.034576888,0.023041475,0.093357821,0,0,0,0,0,0,Low
0.001830671,0.141509434,0.714285714,0.046296296,0.072992701,0.016999261,0.065514104,0.000921659,0.001530456,0,0,0.2,0,0.142857143,0,Low
0.00130145,0.056603774,0.411764706,0.054232804,0.068937551,0,0.032393085,0.134930876,0.012243649,0,0,0,0,0.142857143,0,Low
0.001587662,0.547169811,0.378151261,0.022297808,0,0,0.093721565,0.025806452,0.074992348,0,0,0,0,0,0,Low
0.00824612,0.424528302,0.474789916,0.057634165,0.0162206,0.040650407,0.099181074,0.064516129,0.026017753,0.142857143,0.142857143,0,0,0,0,High
0.007198479,0.160377358,0.43697479,0.027399849,0.02838605,0.010347376,0.000909918,0.014746544,0.064891338,0,0,0.2,0,0,0,Low
0.011281038,0.481132075,0.420168067,0.004724112,0.010137875,0.071692535,0.117561419,0.012903226,0.001530456,0,0,0,0,0,0,Low
0.006885267,0.528301887,0.432773109,0.141723356,0.127737226,0.014781966,0.051865332,0.061751152,0.180593817,0,0,0.2,0,0,0,Low
0.003952953,0.264150943,0.365546218,0.000944822,0,0.056910569,0.034940855,0.030046083,0.101010101,0,0,0,0,0,0,Low
0.004881789,0.613207547,0.399159664,0.049130763,0.091240876,0.066518847,0.052229299,0.013824885,0.117232935,0.142857143,0,0,0,0,0,Low
0.001738867,0.556603774,0.43697479,0.053854875,0.145985401,0.059127864,0.058234759,0,0.131619223,0,0,0,0,0,0,High
0.002349091,0.641509434,0.525210084,0.067082389,0.216950527,0.185883222,0.114649682,0.031336406,0.13865932,0,0,0,0,0.142857143,0,High
0.003337329,0.650943396,0.294117647,0.051965231,0.093268451,0.081300813,0.014194722,0.089400922,0.016835017,0,0,0,0.142857143,0,0,Low
0.00284051,0.70754717,0.659663866,0.065570673,0.185725872,0.200295639,0.023293904,0.07281106,0.072237527,0,0,0,0,0,0,Low
0.003580339,0.754716981,0.701680672,0.030234316,0.006082725,0.22616408,0,0.052534562,0.134067952,0,0.142857143,0,0,0,0,Low
0.000194408,0.830188679,0.327731092,0.022486772,0.145985401,0,0.012374886,0.066728111,0.085093358,0,0,0,0,0,0,Low
0.004714383,0.537735849,0.516806723,0.057823129,0.087185726,0.014042868,0.072247498,0.032626728,0.028772574,0.142857143,0,0.2,0,0,0,Low
0.018333711,0.783018868,0.798319328,0.004535147,0.025547445,0.016260163,0.030027298,0.065990783,0.195286195,0.142857143,0,0.2,0,0,0,Low
0.012965903,0.811320755,0.87394958,0.026832955,0.064476886,0.067997044,0.091901729,0.031336406,0.313437404,0,0,0.2,0,0,0,High
0.001371653,0.933962264,0.735294118,0.120748299,0.242497972,0.022172949,0.030027298,0.070414747,0.159473523,0,0,0,0,0,0,Low
0.005540615,0.867924528,0.453781513,0.133975813,0.272911598,0.233555063,0.04822566,0.168294931,0.009182736,0,0,0,0,0,0,Low
0.008062513,0.981132075,0.777310924,0.058578987,0.145174371,0.105691057,0.004549591,0.099539171,0.16865626,0,0,0,0,0,0,Low
0.002808109,0.924528302,0.865546218,0,0,0.042867701,0.056050955,0.10562212,0.190082645,0,0,0,0.142857143,0,0,Low
0.002943114,0.877358491,0.878151261,0.076719577,0.198296837,0.135254989,0.004549591,0.124608295,0.322620141,0.142857143,0.142857143,0,0,0,0,Low
0.006345246,0.754716981,0.903361345,0.119047619,0.330089213,0.146341463,0.098089172,0.005529954,0.535659627,0,0,0.2,0,0,0,Low
0.016513841,0.764150943,0.407563025,0.211073318,0.302108678,0.127124908,0.041310282,0.105806452,0.004591368,0,0,0,0,0,0,Low
0.007068874,0.716981132,0.75210084,0.103930461,0.693025142,0.039911308,0.012738854,0.124423963,0.363942455,0,0.142857143,0,0,0,0,Low
0.020898811,0.801886792,0.848739496,0.010393046,0.002027575,0.061345159,0.080982712,0.213824885,0.046831956,0,0,0,0,0,0,Low
0.031796434,0.679245283,0.768907563,0.17271353,0.364963504,0,0.076433121,0.135299539,0.179675543,0,0.571428571,0.2,0.142857143,0,0,Low
0.016346434,0.764150943,0.361344538,0.066137566,0.084347121,0.025129342,0.053685168,0,0.004591368,0,0.285714286,0.2,0,0.142857143,0.142857143,High
0.014072946,0.754716981,0.773109244,0.102985639,0.154906732,0.070953437,0.034212921,0.17843318,0.075298439,0,0.571428571,0.8,0.142857143,0.285714286,0,Low
0.126489108,0.820754717,0.331932773,0,0,0.013303769,0.336305732,0.03483871,0.000612182,0.428571429,0.428571429,0.2,0.142857143,0.142857143,0,High
0.225474948,0.58490566,0.331932773,0.021730915,0.055150041,0.012564671,0.066606005,0.051612903,0.079583716,0.142857143,0.142857143,0,0.571428571,0,0.428571429,Low
0.017955697,0.613207547,0.281512605,0.001889645,0,0.002956393,0.019290264,0,0.001530456,0,0.285714286,0,0.142857143,0.428571429,0.428571429,High
0.015005069,0.830188679,0.260504202,0.012282691,0.0486618,0.481892092,0.257870792,0.048110599,0,0.285714286,0.571428571,0,0,1,0.714285714,Low
0.011770578,0.650943396,0.197478992,0,0,0.232076866,0,0.000368664,0,0,1,0,0.142857143,0.571428571,0.714285714,Low
0.008536088,0.698113208,0.18907563,0.004724112,0,0.285291944,0.00600546,0.052903226,0,0,0.857142857,0,0,1,0.285714286,Low
0.00695007,0.698113208,0.176470588,0.000944822,0,0.033259424,0.013648772,0,0,0,1,0,0.714285714,1,0.428571429,Low
0.004503775,0.811320755,0.483193277,0,0,0.005912786,0.023657871,0,0.001530456,0,0.285714286,0,0.142857143,0.714285714,0.714285714,Low
0.006113037,0.79245283,0.340336134,0,0,0.025129342,0.012738854,0.004976959,0.009182736,0,0.857142857,0,0,0.285714286,0.142857143,Low
0.006361447,0.735849057,0.176470588,0.056689342,0.006082725,0,0.005095541,0,0.000612182,0,0,0,0,0.285714286,0.285714286,Low
0.003731545,0.537735849,0.025210084,0,0,0.002956393,0.009099181,0,0.018671564,0,0.285714286,0,0,0.428571429,0,Low
0.026682435,0.537735849,0.197478992,0,0,0.001478197,0.094085532,0.002764977,0.052035507,0.142857143,0,0,0,0.428571429,0.142857143,Low
0.008958948,0.754716981,0.050420168,0,0.02027575,0.130081301,0.037306642,0.000921659,0,0,0.142857143,0,0,0,0.428571429,Low
0.012928102,0.443396226,0.193277311,0.018896447,0.01216545,0.005912786,0,0,0.022956841,0,0.142857143,0,0.142857143,0.285714286,0,Low
0.00902375,0.575471698,0.147058824,0,0.046634225,0.04804139,0.000909918,0,0.172941537,0,0,0,0,0,0.142857143,Low
0.00747389,0.311320755,0.340336134,0.0718065,0.075831306,0.021433851,0,0.082949309,0.061218243,0,0.142857143,0,0,0.142857143,0.142857143,Low
0.006075236,0.575471698,0.218487395,0.107709751,0.070965126,0.158906135,0,0.024884793,0.070400979,0,0.142857143,0,0,0.142857143,0.714285714,Low
0.005778224,0.566037736,0.550420168,0.120937264,0.01216545,0.03917221,0,0.003686636,0.199265381,0,0.142857143,0,0,0,0.285714286,Low
0.004708983,0.518867925,0.390756303,0.024376417,0.055961071,0.003695492,0.015650591,0.022119816,0.037649219,0,0.428571429,0,0,0.571428571,0,Low
0.00436877,0.330188679,0.542016807,0.136054422,0.182481752,0.074648928,0,0.015668203,0.108662381,0,0.428571429,0,0,0.285714286,0.142857143,Low
0.005032995,0.169811321,0.415966387,0.078609221,0.023114355,3.70E-05,0,0.075391705,0.21916131,0,0.285714286,0,0,0,0,Low
0.004989794,0.273584906,0.390756303,0.040627362,0.160178427,0.001478197,0.036578708,0.0840553,0.024487297,0,0.142857143,0.2,0,0.142857143,0,Low
0.009579972,0.386792453,0.294117647,0.042517007,0.193430657,0.000739098,0.039308462,0.105990783,0.026017753,0,0.142857143,0,0,0.285714286,0,Low
0.015034183,0.367924528,0.533613445,0.003590325,0,0.00443459,0.026387625,0.10562212,0.022038567,0,0.142857143,0,0,0.285714286,0,Low
0.018236508,0.518867925,0.340336134,0.007936508,0.018248175,0,0.01910828,0.033917051,0.010713193,0,0,0,0,0.142857143,0,Low
0.014899178,0.509433962,0.226890756,0.012282691,0.0162206,0.00886918,0.025477707,0,0.00765228,0,0,0.2,0,0,0,Low
0.013246714,0.537735849,0.231092437,0.077475435,0.014193025,0.110125647,0.066424022,0.086635945,0.190388736,0.142857143,0,0.4,0,0,0,Low
0.017556081,0.471698113,0.487394958,0.001889645,0,0.226903178,0.055505005,0.014562212,0.101010101,0,0,0.2,0.285714286,0,0,Low
0.015757811,0.547169811,0.378151261,0.014739229,0.094890511,0,0.06733394,0.006451613,0.003060912,0,0,0,0.714285714,0,0,Low
0.010687015,0.481132075,0.25210084,0.047619048,0.115571776,0.028824834,0.207461328,0.022119816,0.081114172,0.142857143,0,0,0,0,0,Low
0.010487207,0.433962264,0.382352941,0.085978836,0.014193025,0.000739098,0.076433121,0.032258065,0.03520049,0,0,0,0,0,0,Low
0.008375725,0.330188679,0.352941176,0.12755102,0.152068127,0.001478197,0.038216561,0.050138249,0.049892868,0,0,0,0,0,0,Low
0.011432244,0.462264151,0.441176471,0.068027211,0.046634225,0.218773097,0.151046406,0.009953917,0.027548209,0.142857143,0,0,0,0,0,Low
0.058192658,0.547169811,0.605042017,0.049319728,0.075020276,0.18255728,0.010919017,0.020276498,0.079583716,0,0,0,0,0,0,Low
0.020807007,0.594339623,0.407563025,0.010393046,0.00405515,0.134515891,0,0.076497696,0,0,0,0,0,0,0,Low
0.025278381,0.773584906,0.567226891,0.068783069,0.143957826,0.038433112,0,0.042396313,0.032139578,0,0,0,0,0,0.142857143,Low
0.006669259,0.70754717,0.546218487,0.068972033,0.02027575,0.130081301,0,0.089400922,0.038873584,0,0,0,0,0,0,Low
0.013111709,0.650943396,0.672268908,0.017951625,0.088402271,0.049519586,0,0.037235023,0.016835017,0,0,0,0,0,0,Low
0.026326021,0.386792453,0.474789916,0.102040816,0.041768045,0.042867701,0,0.005529954,0.030609122,0,0,0,0,0,0.142857143,Low
0.008796941,0.783018868,0.470588235,0.015117158,0.022303325,0.013303769,0,0.026175115,0.04285277,0,0,0,0,0,0,Low
0.007344285,0.858490566,0.550420168,0.051020408,0.03649635,0.192165558,0,0.033917051,0.297520661,0,0,0,0,0,0,Low
0.016405837,0.443396226,0.638655462,0.049130763,0.089213301,0.025129342,0,0.004608295,0.110192837,0,0,0,0,0,0.142857143,Low
0.018711726,0.41509434,0.861344538,0.10600907,0.5486618,0.084996305,0,0.075023041,0.537496174,0,0,0,0,0,0,Low
0.011630701,0.849056604,0.714285714,0.035336357,0.122465531,0.088691796,0,0.040552995,0.12855831,0,0,0,0,0,0,Low
0.01339252,0.877358491,0.508403361,0.548185941,0.667072182,0.002956393,0,0.10764977,0.018977655,0,0.142857143,0,0,0,0,Low
0.042105434,0.849056604,0.693277311,0.057634165,0.175182482,0.126385809,0,0.052718894,0.059075605,0,0,0,0,0,0.285714286,Low
0.009957986,0.79245283,0.31092437,0.009637188,0.01865369,0.180339985,0,0.41235023,0,0,0,0,0,0,0,Low
0.010146994,0.622641509,0.336134454,0.051776266,0.056366586,0.076127125,0,0.122580645,0.016835017,0,0,0,0,0,0.142857143,Low
0.0180421,0.669811321,0.43697479,0,0,0.085735403,0,0.00921659,0.003060912,0,0,0,0.285714286,0,0,Low
